{
 "fx": 8596.0194459193535, 
 "fy": 8732.3410823072336, 
 "cx": 978.57906484473938, 
 "cy": 112.80737276154609, 
 "k1": 1.1805409390803796, 
 "k2": 0.71037369305473774, 
 "p1": -0.091756302090548927, 
 "p2": 0.01037885283955935, 
 "segma_fx": {
  "mean": 8596.0194459193535, 
  "std": 80.692145273984806, 
  "std(%)": 0.93871524816396801, 
  "prob": 0.0010062423534691334
 }, 
 "segma_fy": {
  "mean": 8732.3410823072336, 
  "std": 93.67361781189166, 
  "std(%)": 1.0727205560223203, 
  "prob": 0.004953057039529085
 }, 
 "segma_cx": {
  "mean": 978.57906484473938, 
  "std": 36.631292058549761, 
  "std(%)": 3.7433145030914448, 
  "prob": 0.3158860206604004
 }, 
 "segma_cy": {
  "mean": 112.80737276154609, 
  "std": 107.42250895880157, 
  "std(%)": 95.226496574716691, 
  "prob": 0.0002615895646158606
 }, 
 "segma_k1": {
  "mean": 1.1805409390803796, 
  "std": 0.083975159196852514, 
  "std(%)": 7.1132780250948073, 
  "prob": 0.22750049829483032
 }, 
 "segma_k2": {
  "mean": 0.71037369305473774, 
  "std": 3.5979805782136527, 
  "std(%)": 506.49124726757168, 
  "prob": 0.0004498006892390549
 }, 
 "segma_p1": {
  "mean": -0.091756302090548927, 
  "std": 0.016882435750919276, 
  "std(%)": 18.399211134575786, 
  "prob": 0.000896188837941736
 }, 
 "segma_p2": {
  "mean": 0.01037885283955935, 
  "std": 0.0058446331747015147, 
  "std(%)": 56.312901483914459, 
  "prob": 0.32684171199798584
 }, 
 "size": [
  1920, 
  1080
 ], 
 "intrinsics": [
  [
   8596.019445919354, 
   0.0, 
   978.5790648447394
  ], 
  [
   0.0, 
   8732.341082307234, 
   112.80737276154609
  ], 
  [
   0.0, 
   0.0, 
   1.0
  ]
 ], 
 "distortion": [
  [
   1.1805409390803796
  ], 
  [
   0.7103736930547377
  ], 
  [
   -0.09175630209054893
  ], 
  [
   0.01037885283955935
  ], 
  [
   0.0
  ]
 ], 
 "alpha": 0.0, 
 "P": [
  [
   8737.9755859375, 
   0.0, 
   981.2225202836999, 
   0.0
  ], 
  [
   0.0, 
   8754.9248046875, 
   101.3461749743501, 
   0.0
  ], 
  [
   0.0, 
   0.0, 
   1.0, 
   0.0
  ]
 ], 
 "R": [
  [
   1.0, 
   0.0, 
   0.0
  ], 
  [
   0.0, 
   1.0, 
   0.0
  ], 
  [
   0.0, 
   0.0, 
   1.0
  ]
 ]
}